{
  "left_shoulder": {
    "x": 0.461174,
    "y": 0.333198,
    "z": -0.177973,
    "visibility": 0.999999
  },
  "right_shoulder": {
    "x": 0.400796,
    "y": 0.334626,
    "z": 0.034439,
    "visibility": 0.999978
  },
  "left_elbow": {
    "x": 0.47401,
    "y": 0.455548,
    "z": -0.168891,
    "visibility": 0.999164
  },
  "right_elbow": {
    "x": 0.399473,
    "y": 0.45384,
    "z": 0.091363,
    "visibility": 0.193689
  },
  "left_wrist": {
    "x": 0.473818,
    "y": 0.568422,
    "z": -0.205381,
    "visibility": 0.998051
  },
  "right_wrist": {
    "x": 0.3912,
    "y": 0.544016,
    "z": 0.001186,
    "visibility": 0.440651
  },
  "left_hip": {
    "x": 0.444151,
    "y": 0.561824,
    "z": -0.066929,
    "visibility": 0.999988
  },
  "right_hip": {
    "x": 0.40827,
    "y": 0.562767,
    "z": 0.066887,
    "visibility": 0.999973
  },
  "left_knee": {
    "x": 0.443085,
    "y": 0.730185,
    "z": -0.049512,
    "visibility": 0.978297
  },
  "right_knee": {
    "x": 0.411217,
    "y": 0.726354,
    "z": 0.102272,
    "visibility": 0.785751
  },
  "left_ankle": {
    "x": 0.439375,
    "y": 0.883628,
    "z": 0.08556,
    "visibility": 0.975469
  },
  "right_ankle": {
    "x": 0.423491,
    "y": 0.879055,
    "z": 0.215308,
    "visibility": 0.903613
  },
  "left_heel": {
    "x": 0.444544,
    "y": 0.905006,
    "z": 0.092371,
    "visibility": 0.885327
  },
  "right_heel": {
    "x": 0.42821,
    "y": 0.904437,
    "z": 0.221703,
    "visibility": 0.82265
  },
  "left_foot_index": {
    "x": 0.426115,
    "y": 0.920536,
    "z": -0.019479,
    "visibility": 0.977495
  },
  "right_foot_index": {
    "x": 0.408837,
    "y": 0.916264,
    "z": 0.127131,
    "visibility": 0.9311
  },
  "type": "video_frame",
  "frame_number": 0,
  "time_seconds": 0.0,
  "time_format": "0:00:00"
}