{
  "left_shoulder": {
    "x": 0.88693,
    "y": 0.742152,
    "z": -1.567576,
    "visibility": 0
  },
  "right_shoulder": {
    "x": 0.256517,
    "y": 0.798541,
    "z": -1.859408,
    "visibility": 0
  },
  "left_elbow": {
    "x": 0.972597,
    "y": 1.281692,
    "z": -1.154676,
    "visibility": 0
  },
  "right_elbow": {
    "x": 0.134896,
    "y": 1.306121,
    "z": -1.620883,
    "visibility": 0
  },
  "left_wrist": {
    "x": 0.980813,
    "y": 1.638179,
    "z": -1.339894,
    "visibility": 0
  },
  "right_wrist": {
    "x": 0.167061,
    "y": 1.768334,
    "z": -1.614558,
    "visibility": 0
  },
  "left_hip": {
    "x": 0.790662,
    "y": 1.728316,
    "z": 0.120279,
    "visibility": 0
  },
  "right_hip": {
    "x": 0.397892,
    "y": 1.771928,
    "z": -0.109098,
    "visibility": 0
  },
  "left_knee": {
    "x": 0.81772,
    "y": 2.529829,
    "z": 0.269244,
    "visibility": 0
  },
  "right_knee": {
    "x": 0.455224,
    "y": 2.631693,
    "z": 0.062229,
    "visibility": 0
  },
  "left_ankle": {
    "x": 0.79316,
    "y": 3.211818,
    "z": 1.62269,
    "visibility": 0
  },
  "right_ankle": {
    "x": 0.447937,
    "y": 3.363168,
    "z": 1.014633,
    "visibility": 0
  },
  "left_heel": {
    "x": 0.786015,
    "y": 3.308803,
    "z": 1.766347,
    "visibility": 0
  },
  "right_heel": {
    "x": 0.441161,
    "y": 3.469778,
    "z": 1.100466,
    "visibility": 0
  },
  "left_foot_index": {
    "x": 0.780382,
    "y": 3.492534,
    "z": 1.326341,
    "visibility": 0
  },
  "right_foot_index": {
    "x": 0.522777,
    "y": 3.640336,
    "z": 0.494667,
    "visibility": 0
  },
  "type": "video_frame",
  "frame_number": 7,
  "time_seconds": 9.736,
  "time_format": "0:00:09"
}