{
  "left_shoulder": {
    "x": 0.814225,
    "y": 0.661256,
    "z": -1.131399,
    "visibility": 0
  },
  "right_shoulder": {
    "x": 0.275244,
    "y": 0.647943,
    "z": -1.164498,
    "visibility": 0
  },
  "left_elbow": {
    "x": 0.800608,
    "y": 1.210145,
    "z": -1.223927,
    "visibility": 0
  },
  "right_elbow": {
    "x": 0.098076,
    "y": 1.04144,
    "z": -1.402212,
    "visibility": 0
  },
  "left_wrist": {
    "x": 0.608078,
    "y": 1.229174,
    "z": -1.685062,
    "visibility": 0
  },
  "right_wrist": {
    "x": 0.125581,
    "y": 1.399126,
    "z": -2.040129,
    "visibility": 0
  },
  "left_hip": {
    "x": 0.704321,
    "y": 1.768648,
    "z": 0.041656,
    "visibility": 0
  },
  "right_hip": {
    "x": 0.374853,
    "y": 1.778147,
    "z": -0.033123,
    "visibility": 0
  },
  "left_knee": {
    "x": 0.730235,
    "y": 2.450484,
    "z": -0.121678,
    "visibility": 0
  },
  "right_knee": {
    "x": 0.42354,
    "y": 2.536018,
    "z": -0.233012,
    "visibility": 0
  },
  "left_ankle": {
    "x": 0.720344,
    "y": 3.244964,
    "z": 1.00878,
    "visibility": 0
  },
  "right_ankle": {
    "x": 0.445975,
    "y": 3.322198,
    "z": 0.641678,
    "visibility": 0
  },
  "left_heel": {
    "x": 0.714615,
    "y": 3.352002,
    "z": 1.123124,
    "visibility": 0
  },
  "right_heel": {
    "x": 0.456036,
    "y": 3.426427,
    "z": 0.716151,
    "visibility": 0
  },
  "left_foot_index": {
    "x": 0.694159,
    "y": 3.576854,
    "z": 0.674401,
    "visibility": 0
  },
  "right_foot_index": {
    "x": 0.461879,
    "y": 3.640356,
    "z": 0.144434,
    "visibility": 0
  },
  "type": "video_frame",
  "frame_number": 18,
  "time_seconds": 12.408,
  "time_format": "0:00:12"
}