{
  "left_shoulder": {
    "x": 0.804638,
    "y": 0.60055,
    "z": -0.998338,
    "visibility": 0
  },
  "right_shoulder": {
    "x": 0.250271,
    "y": 0.694785,
    "z": -1.207185,
    "visibility": 0
  },
  "left_elbow": {
    "x": 0.818386,
    "y": 1.173343,
    "z": -0.81244,
    "visibility": 0
  },
  "right_elbow": {
    "x": 0.115101,
    "y": 1.166994,
    "z": -1.266856,
    "visibility": 0
  },
  "left_wrist": {
    "x": 0.802147,
    "y": 1.502561,
    "z": -1.128389,
    "visibility": 0
  },
  "right_wrist": {
    "x": 0.181847,
    "y": 1.572726,
    "z": -1.637121,
    "visibility": 0
  },
  "left_hip": {
    "x": 0.71545,
    "y": 1.788659,
    "z": 0.077696,
    "visibility": 0
  },
  "right_hip": {
    "x": 0.380443,
    "y": 1.827282,
    "z": -0.06952,
    "visibility": 0
  },
  "left_knee": {
    "x": 0.741037,
    "y": 2.404604,
    "z": 0.080374,
    "visibility": 0
  },
  "right_knee": {
    "x": 0.435035,
    "y": 2.406342,
    "z": -0.017727,
    "visibility": 0
  },
  "left_ankle": {
    "x": 0.729951,
    "y": 3.046599,
    "z": 1.363247,
    "visibility": 0
  },
  "right_ankle": {
    "x": 0.487273,
    "y": 2.952775,
    "z": 1.018993,
    "visibility": 0
  },
  "left_heel": {
    "x": 0.725498,
    "y": 3.122786,
    "z": 1.506304,
    "visibility": 0
  },
  "right_heel": {
    "x": 0.501165,
    "y": 3.020698,
    "z": 1.119974,
    "visibility": 0
  },
  "left_foot_index": {
    "x": 0.713649,
    "y": 3.340456,
    "z": 1.19724,
    "visibility": 0
  },
  "right_foot_index": {
    "x": 0.529837,
    "y": 3.224539,
    "z": 0.699219,
    "visibility": 0
  },
  "type": "video_frame",
  "frame_number": 20,
  "time_seconds": 13.432,
  "time_format": "0:00:13"
}