{
  "left_shoulder": {
    "x": 0.889155,
    "y": 0.742394,
    "z": -1.731364,
    "visibility": 0
  },
  "right_shoulder": {
    "x": 0.243052,
    "y": 0.821812,
    "z": -2.131328,
    "visibility": 0
  },
  "left_elbow": {
    "x": 1.003635,
    "y": 1.192291,
    "z": -1.21259,
    "visibility": 0
  },
  "right_elbow": {
    "x": 0.099432,
    "y": 1.372687,
    "z": -1.868313,
    "visibility": 0
  },
  "left_wrist": {
    "x": 0.999991,
    "y": 1.342648,
    "z": -1.27789,
    "visibility": 0
  },
  "right_wrist": {
    "x": 0.169966,
    "y": 1.866948,
    "z": -1.822966,
    "visibility": 0
  },
  "left_hip": {
    "x": 0.799018,
    "y": 1.76114,
    "z": 0.147719,
    "visibility": 0
  },
  "right_hip": {
    "x": 0.402421,
    "y": 1.816898,
    "z": -0.136496,
    "visibility": 0
  },
  "left_knee": {
    "x": 0.813957,
    "y": 2.57617,
    "z": 0.386813,
    "visibility": 0
  },
  "right_knee": {
    "x": 0.444102,
    "y": 2.718588,
    "z": 0.1501,
    "visibility": 0
  },
  "left_ankle": {
    "x": 0.770328,
    "y": 3.227892,
    "z": 2.066028,
    "visibility": 0
  },
  "right_ankle": {
    "x": 0.413789,
    "y": 3.437252,
    "z": 1.369492,
    "visibility": 0
  },
  "left_heel": {
    "x": 0.753717,
    "y": 3.320971,
    "z": 2.241976,
    "visibility": 0
  },
  "right_heel": {
    "x": 0.402144,
    "y": 3.542118,
    "z": 1.479232,
    "visibility": 0
  },
  "left_foot_index": {
    "x": 0.770287,
    "y": 3.528141,
    "z": 1.811175,
    "visibility": 0
  },
  "right_foot_index": {
    "x": 0.493292,
    "y": 3.727545,
    "z": 0.847543,
    "visibility": 0
  },
  "type": "video_frame",
  "frame_number": 4,
  "time_seconds": 6.571,
  "time_format": "0:00:06"
}