{
  "left_shoulder": {
    "x": 0.815082,
    "y": 0.655296,
    "z": -1.169917,
    "visibility": 0
  },
  "right_shoulder": {
    "x": 0.270296,
    "y": 0.646487,
    "z": -1.224108,
    "visibility": 0
  },
  "left_elbow": {
    "x": 0.808071,
    "y": 1.204519,
    "z": -0.987303,
    "visibility": 0
  },
  "right_elbow": {
    "x": 0.160905,
    "y": 1.172908,
    "z": -1.092715,
    "visibility": 0
  },
  "left_wrist": {
    "x": 0.732053,
    "y": 1.255922,
    "z": -1.235242,
    "visibility": 0
  },
  "right_wrist": {
    "x": 0.189495,
    "y": 1.492815,
    "z": -1.300568,
    "visibility": 0
  },
  "left_hip": {
    "x": 0.70538,
    "y": 1.760908,
    "z": 0.041826,
    "visibility": 0
  },
  "right_hip": {
    "x": 0.383087,
    "y": 1.778781,
    "z": -0.033382,
    "visibility": 0
  },
  "left_knee": {
    "x": 0.726319,
    "y": 2.505642,
    "z": 0.118217,
    "visibility": 0
  },
  "right_knee": {
    "x": 0.431155,
    "y": 2.58208,
    "z": 0.115154,
    "visibility": 0
  },
  "left_ankle": {
    "x": 0.70572,
    "y": 3.244339,
    "z": 1.385194,
    "visibility": 0
  },
  "right_ankle": {
    "x": 0.437869,
    "y": 3.347672,
    "z": 1.030359,
    "visibility": 0
  },
  "left_heel": {
    "x": 0.697718,
    "y": 3.344496,
    "z": 1.520298,
    "visibility": 0
  },
  "right_heel": {
    "x": 0.449105,
    "y": 3.458737,
    "z": 1.1135,
    "visibility": 0
  },
  "left_foot_index": {
    "x": 0.682954,
    "y": 3.587065,
    "z": 1.186991,
    "visibility": 0
  },
  "right_foot_index": {
    "x": 0.461959,
    "y": 3.675415,
    "z": 0.648799,
    "visibility": 0
  },
  "type": "video_frame",
  "frame_number": 13,
  "time_seconds": 9.765,
  "time_format": "0:00:09"
}