{
  "left_shoulder": {
    "x": 0.81884,
    "y": 0.642824,
    "z": -0.665619,
    "visibility": 0
  },
  "right_shoulder": {
    "x": 0.249006,
    "y": 0.70137,
    "z": -0.940592,
    "visibility": 0
  },
  "left_elbow": {
    "x": 0.869442,
    "y": 1.257462,
    "z": -0.497513,
    "visibility": 0
  },
  "right_elbow": {
    "x": 0.132289,
    "y": 1.386103,
    "z": -0.962206,
    "visibility": 0
  },
  "left_wrist": {
    "x": 0.875028,
    "y": 1.721301,
    "z": -0.946997,
    "visibility": 0
  },
  "right_wrist": {
    "x": 0.166969,
    "y": 1.867025,
    "z": -1.338443,
    "visibility": 0
  },
  "left_hip": {
    "x": 0.719321,
    "y": 1.905461,
    "z": 0.123478,
    "visibility": 0
  },
  "right_hip": {
    "x": 0.365743,
    "y": 1.929896,
    "z": -0.112671,
    "visibility": 0
  },
  "left_knee": {
    "x": 0.725327,
    "y": 2.913117,
    "z": -0.100363,
    "visibility": 0
  },
  "right_knee": {
    "x": 0.396709,
    "y": 2.946295,
    "z": -0.307193,
    "visibility": 0
  },
  "left_ankle": {
    "x": 0.714989,
    "y": 3.796291,
    "z": 0.80931,
    "visibility": 0
  },
  "right_ankle": {
    "x": 0.396458,
    "y": 3.860296,
    "z": 0.272572,
    "visibility": 0
  },
  "left_heel": {
    "x": 0.71088,
    "y": 3.944553,
    "z": 0.908572,
    "visibility": 0
  },
  "right_heel": {
    "x": 0.385992,
    "y": 4.011717,
    "z": 0.320202,
    "visibility": 0
  },
  "left_foot_index": {
    "x": 0.700898,
    "y": 4.12727,
    "z": 0.509521,
    "visibility": 0
  },
  "right_foot_index": {
    "x": 0.482481,
    "y": 4.192067,
    "z": -0.20593,
    "visibility": 0
  },
  "type": "video_frame",
  "frame_number": 14,
  "time_seconds": 10.287,
  "time_format": "0:00:10"
}