{
  "left_shoulder": {
    "x": 0.527723,
    "y": 0.587185,
    "z": 0.099715,
    "visibility": 0
  },
  "right_shoulder": {
    "x": 0.370516,
    "y": 0.557868,
    "z": 0.08547,
    "visibility": 0
  },
  "left_elbow": {
    "x": 0.513068,
    "y": 0.73951,
    "z": -0.000816,
    "visibility": 0
  },
  "right_elbow": {
    "x": 0.338867,
    "y": 0.702067,
    "z": 0.033587,
    "visibility": 0
  },
  "left_wrist": {
    "x": 0.470978,
    "y": 0.690919,
    "z": -0.195379,
    "visibility": 0
  },
  "right_wrist": {
    "x": 0.33708,
    "y": 0.738219,
    "z": -0.104036,
    "visibility": 0
  },
  "left_hip": {
    "x": 0.451238,
    "y": 0.872893,
    "z": 0.027444,
    "visibility": 0
  },
  "right_hip": {
    "x": 0.353595,
    "y": 0.850276,
    "z": -0.026954,
    "visibility": 0
  },
  "left_knee": {
    "x": 0.609553,
    "y": 0.851202,
    "z": -0.289761,
    "visibility": 0
  },
  "right_knee": {
    "x": 0.377956,
    "y": 0.725156,
    "z": -0.333238,
    "visibility": 0
  },
  "left_ankle": {
    "x": 0.506024,
    "y": 1.073098,
    "z": -0.318656,
    "visibility": 0
  },
  "right_ankle": {
    "x": 0.396031,
    "y": 0.991785,
    "z": -0.322976,
    "visibility": 0
  },
  "left_heel": {
    "x": 0.479289,
    "y": 1.096827,
    "z": -0.319466,
    "visibility": 0
  },
  "right_heel": {
    "x": 0.399028,
    "y": 1.023226,
    "z": -0.314875,
    "visibility": 0
  },
  "left_foot_index": {
    "x": 0.505454,
    "y": 1.164966,
    "z": -0.450169,
    "visibility": 0
  },
  "right_foot_index": {
    "x": 0.399258,
    "y": 1.08715,
    "z": -0.405611,
    "visibility": 0
  },
  "type": "video_frame",
  "frame_number": 30,
  "time_seconds": 32.633,
  "time_format": "0:00:32"
}