{
  "left_shoulder": {
    "x": 0.912749,
    "y": 0.77975,
    "z": -1.776867,
    "visibility": 0
  },
  "right_shoulder": {
    "x": 0.241335,
    "y": 0.827247,
    "z": -2.071381,
    "visibility": 0
  },
  "left_elbow": {
    "x": 1.003518,
    "y": 1.320964,
    "z": -1.517055,
    "visibility": 0
  },
  "right_elbow": {
    "x": 0.113997,
    "y": 1.351365,
    "z": -1.950372,
    "visibility": 0
  },
  "left_wrist": {
    "x": 0.960941,
    "y": 1.726605,
    "z": -1.870293,
    "visibility": 0
  },
  "right_wrist": {
    "x": 0.183932,
    "y": 1.835944,
    "z": -2.085617,
    "visibility": 0
  },
  "left_hip": {
    "x": 0.79288,
    "y": 1.767831,
    "z": 0.144699,
    "visibility": 0
  },
  "right_hip": {
    "x": 0.390831,
    "y": 1.815428,
    "z": -0.13302,
    "visibility": 0
  },
  "left_knee": {
    "x": 0.809983,
    "y": 2.607493,
    "z": 0.341004,
    "visibility": 0
  },
  "right_knee": {
    "x": 0.438928,
    "y": 2.682107,
    "z": -0.158712,
    "visibility": 0
  },
  "left_ankle": {
    "x": 0.758183,
    "y": 3.267614,
    "z": 1.952152,
    "visibility": 0
  },
  "right_ankle": {
    "x": 0.401924,
    "y": 3.396133,
    "z": 1.03569,
    "visibility": 0
  },
  "left_heel": {
    "x": 0.739441,
    "y": 3.365848,
    "z": 2.115869,
    "visibility": 0
  },
  "right_heel": {
    "x": 0.385023,
    "y": 3.496653,
    "z": 1.139793,
    "visibility": 0
  },
  "left_foot_index": {
    "x": 0.762676,
    "y": 3.568927,
    "z": 1.622048,
    "visibility": 0
  },
  "right_foot_index": {
    "x": 0.494448,
    "y": 3.693262,
    "z": 0.462235,
    "visibility": 0
  },
  "type": "video_frame",
  "frame_number": 6,
  "time_seconds": 8.686,
  "time_format": "0:00:08"
}