{
  "left_shoulder": {
    "x": 0.887058,
    "y": 0.752625,
    "z": -1.631354,
    "visibility": 0
  },
  "right_shoulder": {
    "x": 0.227492,
    "y": 0.836412,
    "z": -2.008991,
    "visibility": 0
  },
  "left_elbow": {
    "x": 0.902924,
    "y": 1.133664,
    "z": -1.261326,
    "visibility": 0
  },
  "right_elbow": {
    "x": 0.113358,
    "y": 1.358636,
    "z": -1.894843,
    "visibility": 0
  },
  "left_wrist": {
    "x": 0.827539,
    "y": 1.218512,
    "z": -1.34979,
    "visibility": 0
  },
  "right_wrist": {
    "x": 0.186057,
    "y": 1.74313,
    "z": -1.986161,
    "visibility": 0
  },
  "left_hip": {
    "x": 0.775537,
    "y": 1.817971,
    "z": 0.179782,
    "visibility": 0
  },
  "right_hip": {
    "x": 0.392593,
    "y": 1.868129,
    "z": -0.169675,
    "visibility": 0
  },
  "left_knee": {
    "x": 0.804067,
    "y": 2.491054,
    "z": 0.423058,
    "visibility": 0
  },
  "right_knee": {
    "x": 0.457406,
    "y": 2.557153,
    "z": -0.182041,
    "visibility": 0
  },
  "left_ankle": {
    "x": 0.729644,
    "y": 3.139049,
    "z": 2.315285,
    "visibility": 0
  },
  "right_ankle": {
    "x": 0.426238,
    "y": 3.25777,
    "z": 1.110081,
    "visibility": 0
  },
  "left_heel": {
    "x": 0.698035,
    "y": 3.225775,
    "z": 2.507433,
    "visibility": 0
  },
  "right_heel": {
    "x": 0.411856,
    "y": 3.35692,
    "z": 1.220424,
    "visibility": 0
  },
  "left_foot_index": {
    "x": 0.766356,
    "y": 3.430224,
    "z": 2.037527,
    "visibility": 0
  },
  "right_foot_index": {
    "x": 0.519847,
    "y": 3.527795,
    "z": 0.476802,
    "visibility": 0
  },
  "type": "video_frame",
  "frame_number": 1,
  "time_seconds": 3.422,
  "time_format": "0:00:03"
}