{
  "left_shoulder": {
    "x": 0.803954,
    "y": 0.638156,
    "z": -1.027188,
    "visibility": 0
  },
  "right_shoulder": {
    "x": 0.267096,
    "y": 0.659461,
    "z": -0.979253,
    "visibility": 0
  },
  "left_elbow": {
    "x": 0.826287,
    "y": 1.235511,
    "z": -1.21056,
    "visibility": 0
  },
  "right_elbow": {
    "x": 0.153813,
    "y": 1.154654,
    "z": -1.246321,
    "visibility": 0
  },
  "left_wrist": {
    "x": 0.597666,
    "y": 1.173243,
    "z": -1.807851,
    "visibility": 0
  },
  "right_wrist": {
    "x": 0.261318,
    "y": 1.442937,
    "z": -1.973723,
    "visibility": 0
  },
  "left_hip": {
    "x": 0.722739,
    "y": 1.771663,
    "z": 0.01454,
    "visibility": 0
  },
  "right_hip": {
    "x": 0.383373,
    "y": 1.772214,
    "z": -0.004928,
    "visibility": 0
  },
  "left_knee": {
    "x": 0.718369,
    "y": 2.628025,
    "z": -0.114988,
    "visibility": 0
  },
  "right_knee": {
    "x": 0.404291,
    "y": 2.660598,
    "z": -0.119648,
    "visibility": 0
  },
  "left_ankle": {
    "x": 0.689298,
    "y": 3.421242,
    "z": 0.897838,
    "visibility": 0
  },
  "right_ankle": {
    "x": 0.408802,
    "y": 3.472164,
    "z": 0.598432,
    "visibility": 0
  },
  "left_heel": {
    "x": 0.685304,
    "y": 3.524121,
    "z": 1.009688,
    "visibility": 0
  },
  "right_heel": {
    "x": 0.418549,
    "y": 3.582917,
    "z": 0.66539,
    "visibility": 0
  },
  "left_foot_index": {
    "x": 0.644095,
    "y": 3.776455,
    "z": 0.619737,
    "visibility": 0
  },
  "right_foot_index": {
    "x": 0.412264,
    "y": 3.82111,
    "z": 0.176714,
    "visibility": 0
  },
  "type": "video_frame",
  "frame_number": 12,
  "time_seconds": 9.265,
  "time_format": "0:00:09"
}