{
  "left_shoulder": {
    "x": 0.815032,
    "y": 0.62702,
    "z": -1.223122,
    "visibility": 0
  },
  "right_shoulder": {
    "x": 0.286011,
    "y": 0.628521,
    "z": -1.224612,
    "visibility": 0
  },
  "left_elbow": {
    "x": 0.75412,
    "y": 1.167329,
    "z": -1.362418,
    "visibility": 0
  },
  "right_elbow": {
    "x": 0.128156,
    "y": 0.997834,
    "z": -1.49054,
    "visibility": 0
  },
  "left_wrist": {
    "x": 0.529765,
    "y": 1.10399,
    "z": -1.656652,
    "visibility": 0
  },
  "right_wrist": {
    "x": 0.181619,
    "y": 1.31828,
    "z": -1.973979,
    "visibility": 0
  },
  "left_hip": {
    "x": 0.701643,
    "y": 1.696076,
    "z": 0.037501,
    "visibility": 0
  },
  "right_hip": {
    "x": 0.400669,
    "y": 1.680941,
    "z": -0.030611,
    "visibility": 0
  },
  "left_knee": {
    "x": 0.702767,
    "y": 2.209886,
    "z": 0.016783,
    "visibility": 0
  },
  "right_knee": {
    "x": 0.432047,
    "y": 2.063439,
    "z": -0.089248,
    "visibility": 0
  },
  "left_ankle": {
    "x": 0.681561,
    "y": 2.731796,
    "z": 1.009336,
    "visibility": 0
  },
  "right_ankle": {
    "x": 0.493298,
    "y": 2.481486,
    "z": 0.800765,
    "visibility": 0
  },
  "left_heel": {
    "x": 0.683173,
    "y": 2.787404,
    "z": 1.121816,
    "visibility": 0
  },
  "right_heel": {
    "x": 0.509808,
    "y": 2.536991,
    "z": 0.893877,
    "visibility": 0
  },
  "left_foot_index": {
    "x": 0.631482,
    "y": 2.994348,
    "z": 0.791826,
    "visibility": 0
  },
  "right_foot_index": {
    "x": 0.513885,
    "y": 2.698524,
    "z": 0.523663,
    "visibility": 0
  },
  "type": "video_frame",
  "frame_number": 16,
  "time_seconds": 11.322,
  "time_format": "0:00:11"
}