{
  "left_shoulder": {
    "x": 0.393653,
    "y": 0.667948,
    "z": -0.010991,
    "visibility": 0
  },
  "right_shoulder": {
    "x": 0.08544,
    "y": 0.733584,
    "z": -0.021184,
    "visibility": 0
  },
  "left_elbow": {
    "x": 0.526098,
    "y": 0.852444,
    "z": -0.215114,
    "visibility": 0
  },
  "right_elbow": {
    "x": 0.044155,
    "y": 1.041875,
    "z": -0.106264,
    "visibility": 0
  },
  "left_wrist": {
    "x": 0.515665,
    "y": 0.690711,
    "z": -0.555279,
    "visibility": 0
  },
  "right_wrist": {
    "x": 0.089935,
    "y": 1.084734,
    "z": -0.35477,
    "visibility": 0
  },
  "left_hip": {
    "x": 0.34786,
    "y": 1.389833,
    "z": 0.038356,
    "visibility": 0
  },
  "right_hip": {
    "x": 0.113567,
    "y": 1.388994,
    "z": -0.030654,
    "visibility": 0
  },
  "left_knee": {
    "x": 0.368774,
    "y": 1.731248,
    "z": -0.355379,
    "visibility": 0
  },
  "right_knee": {
    "x": 0.144731,
    "y": 1.807928,
    "z": -0.385196,
    "visibility": 0
  },
  "left_ankle": {
    "x": 0.349841,
    "y": 2.323328,
    "z": 0.096223,
    "visibility": 0
  },
  "right_ankle": {
    "x": 0.132345,
    "y": 2.413687,
    "z": -0.178906,
    "visibility": 0
  },
  "left_heel": {
    "x": 0.347221,
    "y": 2.412569,
    "z": 0.149621,
    "visibility": 0
  },
  "right_heel": {
    "x": 0.132907,
    "y": 2.511385,
    "z": -0.162476,
    "visibility": 0
  },
  "left_foot_index": {
    "x": 0.338717,
    "y": 2.497962,
    "z": -0.092952,
    "visibility": 0
  },
  "right_foot_index": {
    "x": 0.145105,
    "y": 2.576082,
    "z": -0.496861,
    "visibility": 0
  },
  "type": "video_frame",
  "frame_number": 31,
  "time_seconds": 33.771,
  "time_format": "0:00:33"
}