{
  "left_shoulder": {
    "x": 0.804978,
    "y": 0.640243,
    "z": -1.199268,
    "visibility": 0
  },
  "right_shoulder": {
    "x": 0.280226,
    "y": 0.655237,
    "z": -1.191453,
    "visibility": 0
  },
  "left_elbow": {
    "x": 0.846491,
    "y": 1.327508,
    "z": -0.963393,
    "visibility": 0
  },
  "right_elbow": {
    "x": 0.150744,
    "y": 1.037497,
    "z": -0.991101,
    "visibility": 0
  },
  "left_wrist": {
    "x": 0.87614,
    "y": 1.745712,
    "z": -1.090567,
    "visibility": 0
  },
  "right_wrist": {
    "x": 0.184061,
    "y": 1.673384,
    "z": -1.053623,
    "visibility": 0
  },
  "left_hip": {
    "x": 0.703751,
    "y": 1.741165,
    "z": 0.042717,
    "visibility": 0
  },
  "right_hip": {
    "x": 0.379962,
    "y": 1.742505,
    "z": -0.033792,
    "visibility": 0
  },
  "left_knee": {
    "x": 0.694222,
    "y": 2.605097,
    "z": 0.042228,
    "visibility": 0
  },
  "right_knee": {
    "x": 0.404576,
    "y": 2.648377,
    "z": -0.00073,
    "visibility": 0
  },
  "left_ankle": {
    "x": 0.666628,
    "y": 3.354533,
    "z": 0.892347,
    "visibility": 0
  },
  "right_ankle": {
    "x": 0.386623,
    "y": 3.409446,
    "z": 0.607449,
    "visibility": 0
  },
  "left_heel": {
    "x": 0.663417,
    "y": 3.471278,
    "z": 0.986839,
    "visibility": 0
  },
  "right_heel": {
    "x": 0.388461,
    "y": 3.528188,
    "z": 0.663931,
    "visibility": 0
  },
  "left_foot_index": {
    "x": 0.630534,
    "y": 3.679731,
    "z": 0.63871,
    "visibility": 0
  },
  "right_foot_index": {
    "x": 0.420032,
    "y": 3.727295,
    "z": 0.225573,
    "visibility": 0
  },
  "type": "video_frame",
  "frame_number": 17,
  "time_seconds": 11.876,
  "time_format": "0:00:11"
}