{
  "left_shoulder": {
    "x": 0.366401,
    "y": 0.690141,
    "z": -0.480301,
    "visibility": 0
  },
  "right_shoulder": {
    "x": -0.023117,
    "y": 0.765701,
    "z": -0.732145,
    "visibility": 0
  },
  "left_elbow": {
    "x": 0.500347,
    "y": 1.062815,
    "z": -0.478802,
    "visibility": 0
  },
  "right_elbow": {
    "x": -0.001189,
    "y": 1.172213,
    "z": -0.890446,
    "visibility": 0
  },
  "left_wrist": {
    "x": 0.530295,
    "y": 1.338203,
    "z": -0.849672,
    "visibility": 0
  },
  "right_wrist": {
    "x": 0.016991,
    "y": 1.438318,
    "z": -1.242428,
    "visibility": 0
  },
  "left_hip": {
    "x": 0.385532,
    "y": 1.404711,
    "z": 0.131918,
    "visibility": 0
  },
  "right_hip": {
    "x": 0.125749,
    "y": 1.450465,
    "z": -0.122399,
    "visibility": 0
  },
  "left_knee": {
    "x": 0.463285,
    "y": 1.876693,
    "z": -0.062811,
    "visibility": 0
  },
  "right_knee": {
    "x": 0.217894,
    "y": 1.984478,
    "z": -0.250644,
    "visibility": 0
  },
  "left_ankle": {
    "x": 0.510434,
    "y": 2.369994,
    "z": 0.622413,
    "visibility": 0
  },
  "right_ankle": {
    "x": 0.265555,
    "y": 2.514767,
    "z": 0.162799,
    "visibility": 0
  },
  "left_heel": {
    "x": 0.513711,
    "y": 2.45487,
    "z": 0.699165,
    "visibility": 0
  },
  "right_heel": {
    "x": 0.264388,
    "y": 2.61007,
    "z": 0.196678,
    "visibility": 0
  },
  "left_foot_index": {
    "x": 0.536931,
    "y": 2.546029,
    "z": 0.438327,
    "visibility": 0
  },
  "right_foot_index": {
    "x": 0.33664,
    "y": 2.67033,
    "z": -0.196078,
    "visibility": 0
  },
  "type": "video_frame",
  "frame_number": 25,
  "time_seconds": 27.377,
  "time_format": "0:00:27"
}