{
  "left_shoulder": {
    "x": 0.815765,
    "y": 0.627494,
    "z": -0.983031,
    "visibility": 0
  },
  "right_shoulder": {
    "x": 0.258317,
    "y": 0.672036,
    "z": -1.107415,
    "visibility": 0
  },
  "left_elbow": {
    "x": 0.810323,
    "y": 1.255507,
    "z": -0.87229,
    "visibility": 0
  },
  "right_elbow": {
    "x": 0.10437,
    "y": 1.217446,
    "z": -1.220564,
    "visibility": 0
  },
  "left_wrist": {
    "x": 0.782813,
    "y": 1.517418,
    "z": -1.248651,
    "visibility": 0
  },
  "right_wrist": {
    "x": 0.213045,
    "y": 1.627542,
    "z": -1.74137,
    "visibility": 0
  },
  "left_hip": {
    "x": 0.722499,
    "y": 1.879903,
    "z": 0.066204,
    "visibility": 0
  },
  "right_hip": {
    "x": 0.366811,
    "y": 1.903442,
    "z": -0.056023,
    "visibility": 0
  },
  "left_knee": {
    "x": 0.733707,
    "y": 2.803246,
    "z": -0.104422,
    "visibility": 0
  },
  "right_knee": {
    "x": 0.408232,
    "y": 2.867399,
    "z": -0.250372,
    "visibility": 0
  },
  "left_ankle": {
    "x": 0.725866,
    "y": 3.696207,
    "z": 0.999081,
    "visibility": 0
  },
  "right_ankle": {
    "x": 0.424443,
    "y": 3.763745,
    "z": 0.562936,
    "visibility": 0
  },
  "left_heel": {
    "x": 0.723345,
    "y": 3.827411,
    "z": 1.113835,
    "visibility": 0
  },
  "right_heel": {
    "x": 0.427559,
    "y": 3.892219,
    "z": 0.630745,
    "visibility": 0
  },
  "left_foot_index": {
    "x": 0.705803,
    "y": 4.041033,
    "z": 0.667659,
    "visibility": 0
  },
  "right_foot_index": {
    "x": 0.462956,
    "y": 4.109863,
    "z": 0.057828,
    "visibility": 0
  },
  "type": "video_frame",
  "frame_number": 21,
  "time_seconds": 13.935,
  "time_format": "0:00:13"
}