{
  "left_shoulder": {
    "x": 0.89921,
    "y": 0.772388,
    "z": -1.831273,
    "visibility": 0
  },
  "right_shoulder": {
    "x": 0.217161,
    "y": 0.864348,
    "z": -2.201136,
    "visibility": 0
  },
  "left_elbow": {
    "x": 0.94691,
    "y": 1.297823,
    "z": -1.419011,
    "visibility": 0
  },
  "right_elbow": {
    "x": 0.085823,
    "y": 1.374858,
    "z": -2.058603,
    "visibility": 0
  },
  "left_wrist": {
    "x": 0.910804,
    "y": 1.625338,
    "z": -1.548012,
    "visibility": 0
  },
  "right_wrist": {
    "x": 0.121238,
    "y": 1.876461,
    "z": -2.098296,
    "visibility": 0
  },
  "left_hip": {
    "x": 0.782993,
    "y": 1.804824,
    "z": 0.146254,
    "visibility": 0
  },
  "right_hip": {
    "x": 0.390851,
    "y": 1.865904,
    "z": -0.137345,
    "visibility": 0
  },
  "left_knee": {
    "x": 0.808801,
    "y": 2.484895,
    "z": 0.697778,
    "visibility": 0
  },
  "right_knee": {
    "x": 0.452193,
    "y": 2.643257,
    "z": 0.265219,
    "visibility": 0
  },
  "left_ankle": {
    "x": 0.751918,
    "y": 3.098412,
    "z": 2.63595,
    "visibility": 0
  },
  "right_ankle": {
    "x": 0.419497,
    "y": 3.289519,
    "z": 1.769027,
    "visibility": 0
  },
  "left_heel": {
    "x": 0.726562,
    "y": 3.176417,
    "z": 2.836217,
    "visibility": 0
  },
  "right_heel": {
    "x": 0.406764,
    "y": 3.367031,
    "z": 1.90705,
    "visibility": 0
  },
  "left_foot_index": {
    "x": 0.768138,
    "y": 3.425081,
    "z": 2.381557,
    "visibility": 0
  },
  "right_foot_index": {
    "x": 0.505839,
    "y": 3.603817,
    "z": 1.244905,
    "visibility": 0
  },
  "type": "video_frame",
  "frame_number": 2,
  "time_seconds": 4.485,
  "time_format": "0:00:04"
}