{
  "left_shoulder": {
    "x": 0.310886,
    "y": 0.454772,
    "z": -0.014566,
    "visibility": 0.999979
  },
  "right_shoulder": {
    "x": 0.39247,
    "y": 0.413462,
    "z": 0.073772,
    "visibility": 0.999987
  },
  "left_elbow": {
    "x": 0.251284,
    "y": 0.4864,
    "z": 0.062715,
    "visibility": 0.987993
  },
  "right_elbow": {
    "x": 0.434383,
    "y": 0.32942,
    "z": 0.16506,
    "visibility": 0.751428
  },
  "left_wrist": {
    "x": 0.224116,
    "y": 0.442694,
    "z": 0.219219,
    "visibility": 0.975341
  },
  "right_wrist": {
    "x": 0.417121,
    "y": 0.24428,
    "z": 0.275103,
    "visibility": 0.97454
  },
  "left_hip": {
    "x": 0.358343,
    "y": 0.6914,
    "z": -0.016424,
    "visibility": 0.999973
  },
  "right_hip": {
    "x": 0.412732,
    "y": 0.663057,
    "z": 0.016267,
    "visibility": 0.999984
  },
  "left_knee": {
    "x": 0.317288,
    "y": 0.774488,
    "z": 0.239672,
    "visibility": 0.817745
  },
  "right_knee": {
    "x": 0.469135,
    "y": 0.783882,
    "z": 0.062391,
    "visibility": 0.984347
  },
  "left_ankle": {
    "x": 0.348093,
    "y": 0.91699,
    "z": 0.330633,
    "visibility": 0.919159
  },
  "right_ankle": {
    "x": 0.527143,
    "y": 0.915456,
    "z": 0.050768,
    "visibility": 0.977191
  },
  "left_heel": {
    "x": 0.361452,
    "y": 0.940745,
    "z": 0.338787,
    "visibility": 0.958543
  },
  "right_heel": {
    "x": 0.53302,
    "y": 0.944927,
    "z": 0.051117,
    "visibility": 0.986136
  },
  "left_foot_index": {
    "x": 0.314901,
    "y": 0.922797,
    "z": 0.341891,
    "visibility": 0.81855
  },
  "right_foot_index": {
    "x": 0.537011,
    "y": 0.930102,
    "z": 0.030494,
    "visibility": 0.936612
  },
  "type": "video_frame",
  "frame_number": 9765,
  "time_seconds": 325.5,
  "time_format": "0:05:25.499711"
}