{
  "left_shoulder": {
    "x": 0.489631,
    "y": 0.418599,
    "z": -0.180707,
    "visibility": 0.999738
  },
  "right_shoulder": {
    "x": 0.452973,
    "y": 0.440692,
    "z": 0.082578,
    "visibility": 0.999847
  },
  "left_elbow": {
    "x": 0.496403,
    "y": 0.311068,
    "z": -0.307176,
    "visibility": 0.93892
  },
  "right_elbow": {
    "x": 0.40008,
    "y": 0.514685,
    "z": 0.107912,
    "visibility": 0.390545
  },
  "left_wrist": {
    "x": 0.447653,
    "y": 0.25568,
    "z": -0.403756,
    "visibility": 0.880697
  },
  "right_wrist": {
    "x": 0.35076,
    "y": 0.478384,
    "z": 0.025514,
    "visibility": 0.871796
  },
  "left_hip": {
    "x": 0.49722,
    "y": 0.662492,
    "z": -0.084017,
    "visibility": 0.999941
  },
  "right_hip": {
    "x": 0.519281,
    "y": 0.649601,
    "z": 0.083741,
    "visibility": 0.99995
  },
  "left_knee": {
    "x": 0.439587,
    "y": 0.747281,
    "z": 0.001388,
    "visibility": 0.768353
  },
  "right_knee": {
    "x": 0.560949,
    "y": 0.769857,
    "z": 0.194209,
    "visibility": 0.647536
  },
  "left_ankle": {
    "x": 0.466061,
    "y": 0.900687,
    "z": 0.124602,
    "visibility": 0.81071
  },
  "right_ankle": {
    "x": 0.629731,
    "y": 0.874254,
    "z": 0.274726,
    "visibility": 0.938809
  },
  "left_heel": {
    "x": 0.482195,
    "y": 0.926734,
    "z": 0.13138,
    "visibility": 0.846736
  },
  "right_heel": {
    "x": 0.645692,
    "y": 0.89427,
    "z": 0.280458,
    "visibility": 0.96658
  },
  "left_foot_index": {
    "x": 0.426102,
    "y": 0.926835,
    "z": 0.081074,
    "visibility": 0.828216
  },
  "right_foot_index": {
    "x": 0.599454,
    "y": 0.897226,
    "z": 0.242539,
    "visibility": 0.923409
  },
  "type": "video_frame",
  "frame_number": 9375,
  "time_seconds": 312.5,
  "time_format": "0:05:12.499723"
}