{
  "left_shoulder": {
    "x": 0.456124,
    "y": 0.439035,
    "z": 0.104217,
    "visibility": 0.999889
  },
  "right_shoulder": {
    "x": 0.429979,
    "y": 0.446234,
    "z": -0.208326,
    "visibility": 0.999824
  },
  "left_elbow": {
    "x": 0.506066,
    "y": 0.42487,
    "z": 0.155063,
    "visibility": 0.396532
  },
  "right_elbow": {
    "x": 0.486724,
    "y": 0.416288,
    "z": -0.31033,
    "visibility": 0.988971
  },
  "left_wrist": {
    "x": 0.544511,
    "y": 0.369451,
    "z": 0.080935,
    "visibility": 0.560704
  },
  "right_wrist": {
    "x": 0.533359,
    "y": 0.347566,
    "z": -0.348711,
    "visibility": 0.963545
  },
  "left_hip": {
    "x": 0.418892,
    "y": 0.669056,
    "z": 0.097563,
    "visibility": 0.999979
  },
  "right_hip": {
    "x": 0.423783,
    "y": 0.675484,
    "z": -0.097682,
    "visibility": 0.999982
  },
  "left_knee": {
    "x": 0.372349,
    "y": 0.779303,
    "z": 0.196267,
    "visibility": 0.81577
  },
  "right_knee": {
    "x": 0.490232,
    "y": 0.771347,
    "z": -0.081067,
    "visibility": 0.980174
  },
  "left_ankle": {
    "x": 0.302155,
    "y": 0.88991,
    "z": 0.280674,
    "visibility": 0.90429
  },
  "right_ankle": {
    "x": 0.449209,
    "y": 0.923345,
    "z": 0.018781,
    "visibility": 0.987471
  },
  "left_heel": {
    "x": 0.286964,
    "y": 0.902198,
    "z": 0.28551,
    "visibility": 0.956167
  },
  "right_heel": {
    "x": 0.430099,
    "y": 0.948744,
    "z": 0.027664,
    "visibility": 0.984574
  },
  "left_foot_index": {
    "x": 0.302115,
    "y": 0.901903,
    "z": 0.241599,
    "visibility": 0.935292
  },
  "right_foot_index": {
    "x": 0.488132,
    "y": 0.95845,
    "z": -0.01698,
    "visibility": 0.9783
  },
  "type": "video_frame",
  "frame_number": 7710,
  "time_seconds": 257.0,
  "time_format": "0:04:16.999772"
}