{
  "left_shoulder": {
    "x": 0.541716,
    "y": 0.322879,
    "z": -0.089365,
    "visibility": 0.999665
  },
  "right_shoulder": {
    "x": 0.472415,
    "y": 0.325181,
    "z": 0.061847,
    "visibility": 0.999419
  },
  "left_elbow": {
    "x": 0.49457,
    "y": 0.357734,
    "z": -0.193901,
    "visibility": 0.959275
  },
  "right_elbow": {
    "x": 0.456299,
    "y": 0.385793,
    "z": -0.084191,
    "visibility": 0.785466
  },
  "left_wrist": {
    "x": 0.448035,
    "y": 0.30087,
    "z": -0.244866,
    "visibility": 0.921986
  },
  "right_wrist": {
    "x": 0.461143,
    "y": 0.311302,
    "z": -0.318762,
    "visibility": 0.926585
  },
  "left_hip": {
    "x": 0.52374,
    "y": 0.569246,
    "z": -0.037959,
    "visibility": 0.999981
  },
  "right_hip": {
    "x": 0.475743,
    "y": 0.561366,
    "z": 0.037858,
    "visibility": 0.999982
  },
  "left_knee": {
    "x": 0.536057,
    "y": 0.740923,
    "z": -0.039574,
    "visibility": 0.959373
  },
  "right_knee": {
    "x": 0.469805,
    "y": 0.734413,
    "z": 0.036686,
    "visibility": 0.939101
  },
  "left_ankle": {
    "x": 0.548907,
    "y": 0.887409,
    "z": 0.10212,
    "visibility": 0.967825
  },
  "right_ankle": {
    "x": 0.465971,
    "y": 0.881161,
    "z": 0.161896,
    "visibility": 0.96949
  },
  "left_heel": {
    "x": 0.548672,
    "y": 0.902527,
    "z": 0.108799,
    "visibility": 0.73492
  },
  "right_heel": {
    "x": 0.475852,
    "y": 0.902053,
    "z": 0.169417,
    "visibility": 0.858856
  },
  "left_foot_index": {
    "x": 0.552143,
    "y": 0.940322,
    "z": -0.003159,
    "visibility": 0.958505
  },
  "right_foot_index": {
    "x": 0.443967,
    "y": 0.9318,
    "z": 0.065945,
    "visibility": 0.962895
  },
  "type": "video_frame",
  "frame_number": 10815,
  "time_seconds": 360.5,
  "time_format": "0:06:00.499680"
}