{
  "left_shoulder": {
    "x": 0.330983,
    "y": 0.406649,
    "z": 0.111704,
    "visibility": 0.999079
  },
  "right_shoulder": {
    "x": 0.349381,
    "y": 0.406743,
    "z": -0.219278,
    "visibility": 0.999683
  },
  "left_elbow": {
    "x": 0.327182,
    "y": 0.503272,
    "z": 0.255967,
    "visibility": 0.007202
  },
  "right_elbow": {
    "x": 0.418395,
    "y": 0.427512,
    "z": -0.312636,
    "visibility": 0.991205
  },
  "left_wrist": {
    "x": 0.34015,
    "y": 0.545235,
    "z": 0.329513,
    "visibility": 0.004757
  },
  "right_wrist": {
    "x": 0.476645,
    "y": 0.392418,
    "z": -0.302766,
    "visibility": 0.948852
  },
  "left_hip": {
    "x": 0.361965,
    "y": 0.638303,
    "z": 0.097411,
    "visibility": 0.999912
  },
  "right_hip": {
    "x": 0.361786,
    "y": 0.646269,
    "z": -0.09753,
    "visibility": 0.999947
  },
  "left_knee": {
    "x": 0.422749,
    "y": 0.727179,
    "z": 0.199913,
    "visibility": 0.402372
  },
  "right_knee": {
    "x": 0.390658,
    "y": 0.776172,
    "z": 0.033299,
    "visibility": 0.844882
  },
  "left_ankle": {
    "x": 0.466751,
    "y": 0.860529,
    "z": 0.310356,
    "visibility": 0.678916
  },
  "right_ankle": {
    "x": 0.355802,
    "y": 0.904666,
    "z": 0.161878,
    "visibility": 0.922284
  },
  "left_heel": {
    "x": 0.461754,
    "y": 0.892474,
    "z": 0.317885,
    "visibility": 0.65892
  },
  "right_heel": {
    "x": 0.34157,
    "y": 0.922444,
    "z": 0.173237,
    "visibility": 0.712195
  },
  "left_foot_index": {
    "x": 0.499602,
    "y": 0.892684,
    "z": 0.273333,
    "visibility": 0.621676
  },
  "right_foot_index": {
    "x": 0.382449,
    "y": 0.932064,
    "z": 0.12083,
    "visibility": 0.794727
  },
  "type": "video_frame",
  "frame_number": 7230,
  "time_seconds": 241.0,
  "time_format": "0:04:00.999786"
}