{
  "left_shoulder": {
    "x": 0.471018,
    "y": 0.438322,
    "z": 0.079909,
    "visibility": 0.999873
  },
  "right_shoulder": {
    "x": 0.438531,
    "y": 0.454104,
    "z": -0.221803,
    "visibility": 0.999896
  },
  "left_elbow": {
    "x": 0.519358,
    "y": 0.455519,
    "z": 0.10739,
    "visibility": 0.221308
  },
  "right_elbow": {
    "x": 0.509242,
    "y": 0.483973,
    "z": -0.322066,
    "visibility": 0.996203
  },
  "left_wrist": {
    "x": 0.573817,
    "y": 0.442205,
    "z": 0.021172,
    "visibility": 0.301858
  },
  "right_wrist": {
    "x": 0.569995,
    "y": 0.45891,
    "z": -0.346871,
    "visibility": 0.983291
  },
  "left_hip": {
    "x": 0.448614,
    "y": 0.676806,
    "z": 0.084183,
    "visibility": 0.999995
  },
  "right_hip": {
    "x": 0.410928,
    "y": 0.678329,
    "z": -0.084226,
    "visibility": 0.999993
  },
  "left_knee": {
    "x": 0.503354,
    "y": 0.745657,
    "z": 0.027215,
    "visibility": 0.99715
  },
  "right_knee": {
    "x": 0.349201,
    "y": 0.804661,
    "z": -0.10376,
    "visibility": 0.999123
  },
  "left_ankle": {
    "x": 0.472526,
    "y": 0.903107,
    "z": 0.120293,
    "visibility": 0.998644
  },
  "right_ankle": {
    "x": 0.279121,
    "y": 0.89135,
    "z": -0.020287,
    "visibility": 0.999118
  },
  "left_heel": {
    "x": 0.454876,
    "y": 0.92718,
    "z": 0.123609,
    "visibility": 0.998121
  },
  "right_heel": {
    "x": 0.268053,
    "y": 0.90096,
    "z": -0.015722,
    "visibility": 0.989972
  },
  "left_foot_index": {
    "x": 0.508563,
    "y": 0.943847,
    "z": 0.035233,
    "visibility": 0.997936
  },
  "right_foot_index": {
    "x": 0.272334,
    "y": 0.93388,
    "z": -0.124158,
    "visibility": 0.997769
  },
  "type": "video_frame",
  "frame_number": 10530,
  "time_seconds": 351.0,
  "time_format": "0:05:50.999689"
}