{
  "left_shoulder": {
    "x": 0.532869,
    "y": 0.468322,
    "z": 0.140902,
    "visibility": 0.999994
  },
  "right_shoulder": {
    "x": 0.506089,
    "y": 0.461001,
    "z": -0.152624,
    "visibility": 0.999995
  },
  "left_elbow": {
    "x": 0.579561,
    "y": 0.516989,
    "z": 0.202212,
    "visibility": 0.794235
  },
  "right_elbow": {
    "x": 0.492829,
    "y": 0.586918,
    "z": -0.215896,
    "visibility": 0.99136
  },
  "left_wrist": {
    "x": 0.630603,
    "y": 0.464496,
    "z": 0.176105,
    "visibility": 0.961269
  },
  "right_wrist": {
    "x": 0.503459,
    "y": 0.681327,
    "z": -0.236682,
    "visibility": 0.968582
  },
  "left_hip": {
    "x": 0.508022,
    "y": 0.688064,
    "z": 0.094699,
    "visibility": 0.999995
  },
  "right_hip": {
    "x": 0.480065,
    "y": 0.684888,
    "z": -0.094751,
    "visibility": 0.999994
  },
  "left_knee": {
    "x": 0.569906,
    "y": 0.748363,
    "z": 0.117328,
    "visibility": 0.940529
  },
  "right_knee": {
    "x": 0.423378,
    "y": 0.812036,
    "z": -0.140798,
    "visibility": 0.998391
  },
  "left_ankle": {
    "x": 0.547977,
    "y": 0.896486,
    "z": 0.148634,
    "visibility": 0.982856
  },
  "right_ankle": {
    "x": 0.341496,
    "y": 0.914839,
    "z": -0.145215,
    "visibility": 0.998475
  },
  "left_heel": {
    "x": 0.531401,
    "y": 0.924239,
    "z": 0.147295,
    "visibility": 0.982392
  },
  "right_heel": {
    "x": 0.324895,
    "y": 0.929253,
    "z": -0.147916,
    "visibility": 0.982263
  },
  "left_foot_index": {
    "x": 0.58395,
    "y": 0.929383,
    "z": 0.086552,
    "visibility": 0.983746
  },
  "right_foot_index": {
    "x": 0.352747,
    "y": 0.953082,
    "z": -0.238269,
    "visibility": 0.996231
  },
  "type": "video_frame",
  "frame_number": 1950,
  "time_seconds": 65.0,
  "time_format": "0:01:04.999942"
}