{
  "left_shoulder": {
    "x": 0.474283,
    "y": 0.422409,
    "z": 0.119939,
    "visibility": 0.999928
  },
  "right_shoulder": {
    "x": 0.439254,
    "y": 0.421247,
    "z": -0.192551,
    "visibility": 0.999925
  },
  "left_elbow": {
    "x": 0.529287,
    "y": 0.461648,
    "z": 0.162175,
    "visibility": 0.595949
  },
  "right_elbow": {
    "x": 0.471063,
    "y": 0.535679,
    "z": -0.258447,
    "visibility": 0.987515
  },
  "left_wrist": {
    "x": 0.582055,
    "y": 0.404211,
    "z": 0.081732,
    "visibility": 0.871623
  },
  "right_wrist": {
    "x": 0.524214,
    "y": 0.531007,
    "z": -0.259549,
    "visibility": 0.982283
  },
  "left_hip": {
    "x": 0.464028,
    "y": 0.654347,
    "z": 0.096793,
    "visibility": 0.999877
  },
  "right_hip": {
    "x": 0.443559,
    "y": 0.66381,
    "z": -0.096784,
    "visibility": 0.999859
  },
  "left_knee": {
    "x": 0.50419,
    "y": 0.777066,
    "z": 0.19823,
    "visibility": 0.284514
  },
  "right_knee": {
    "x": 0.489947,
    "y": 0.789125,
    "z": -0.082485,
    "visibility": 0.890634
  },
  "left_ankle": {
    "x": 0.559108,
    "y": 0.888227,
    "z": 0.290521,
    "visibility": 0.495481
  },
  "right_ankle": {
    "x": 0.466683,
    "y": 0.935863,
    "z": 0.022232,
    "visibility": 0.837201
  },
  "left_heel": {
    "x": 0.543028,
    "y": 0.934354,
    "z": 0.294479,
    "visibility": 0.508857
  },
  "right_heel": {
    "x": 0.433344,
    "y": 0.931794,
    "z": 0.030832,
    "visibility": 0.596232
  },
  "left_foot_index": {
    "x": 0.591623,
    "y": 0.858499,
    "z": 0.24858,
    "visibility": 0.612688
  },
  "right_foot_index": {
    "x": 0.473806,
    "y": 0.945759,
    "z": -0.017792,
    "visibility": 0.758884
  },
  "type": "video_frame",
  "frame_number": 3165,
  "time_seconds": 105.5,
  "time_format": "0:01:45.499906"
}