{
  "left_shoulder": {
    "x": 0.497541,
    "y": 0.612813,
    "z": -0.109157,
    "visibility": 0.999943
  },
  "right_shoulder": {
    "x": 0.499683,
    "y": 0.602516,
    "z": 0.118793,
    "visibility": 0.999996
  },
  "left_elbow": {
    "x": 0.518017,
    "y": 0.734102,
    "z": -0.092233,
    "visibility": 0.241027
  },
  "right_elbow": {
    "x": 0.468655,
    "y": 0.690358,
    "z": 0.150675,
    "visibility": 0.036792
  },
  "left_wrist": {
    "x": 0.487472,
    "y": 0.751919,
    "z": 0.011887,
    "visibility": 0.188048
  },
  "right_wrist": {
    "x": 0.419118,
    "y": 0.729258,
    "z": 0.093123,
    "visibility": 0.931969
  },
  "left_hip": {
    "x": 0.564482,
    "y": 0.751527,
    "z": -0.074294,
    "visibility": 0.998938
  },
  "right_hip": {
    "x": 0.562752,
    "y": 0.740565,
    "z": 0.074054,
    "visibility": 0.999822
  },
  "left_knee": {
    "x": 0.473789,
    "y": 0.767233,
    "z": -0.033355,
    "visibility": 0.357101
  },
  "right_knee": {
    "x": 0.50248,
    "y": 0.781559,
    "z": 0.127168,
    "visibility": 0.068137
  },
  "left_ankle": {
    "x": 0.420398,
    "y": 0.888135,
    "z": -0.002744,
    "visibility": 0.768965
  },
  "right_ankle": {
    "x": 0.539188,
    "y": 0.895911,
    "z": 0.130634,
    "visibility": 0.274997
  },
  "left_heel": {
    "x": 0.428201,
    "y": 0.919401,
    "z": -0.00068,
    "visibility": 0.845967
  },
  "right_heel": {
    "x": 0.549336,
    "y": 0.91932,
    "z": 0.130634,
    "visibility": 0.406546
  },
  "left_foot_index": {
    "x": 0.380946,
    "y": 0.90911,
    "z": -0.026789,
    "visibility": 0.807156
  },
  "right_foot_index": {
    "x": 0.5221,
    "y": 0.920917,
    "z": 0.104592,
    "visibility": 0.290237
  },
  "type": "video_frame",
  "frame_number": 9585,
  "time_seconds": 319.5,
  "time_format": "0:05:19.499717"
}