{
  "left_shoulder": {
    "x": 0.530038,
    "y": 0.342512,
    "z": -0.078935,
    "visibility": 0.999978
  },
  "right_shoulder": {
    "x": 0.567869,
    "y": 0.350099,
    "z": 0.165455,
    "visibility": 0.999983
  },
  "left_elbow": {
    "x": 0.463291,
    "y": 0.396231,
    "z": -0.091592,
    "visibility": 0.941601
  },
  "right_elbow": {
    "x": 0.574325,
    "y": 0.4509,
    "z": 0.22465,
    "visibility": 0.019547
  },
  "left_wrist": {
    "x": 0.433648,
    "y": 0.344566,
    "z": 0.038698,
    "visibility": 0.78378
  },
  "right_wrist": {
    "x": 0.564414,
    "y": 0.531553,
    "z": 0.261206,
    "visibility": 0.029318
  },
  "left_hip": {
    "x": 0.532657,
    "y": 0.529266,
    "z": -0.071109,
    "visibility": 0.99999
  },
  "right_hip": {
    "x": 0.558914,
    "y": 0.559389,
    "z": 0.070873,
    "visibility": 0.999995
  },
  "left_knee": {
    "x": 0.464112,
    "y": 0.437853,
    "z": 0.011508,
    "visibility": 0.908557
  },
  "right_knee": {
    "x": 0.541155,
    "y": 0.711172,
    "z": 0.155664,
    "visibility": 0.964569
  },
  "left_ankle": {
    "x": 0.456263,
    "y": 0.594925,
    "z": 0.133642,
    "visibility": 0.865893
  },
  "right_ankle": {
    "x": 0.548855,
    "y": 0.880891,
    "z": 0.180304,
    "visibility": 0.988979
  },
  "left_heel": {
    "x": 0.468929,
    "y": 0.612278,
    "z": 0.1461,
    "visibility": 0.75526
  },
  "right_heel": {
    "x": 0.554106,
    "y": 0.907501,
    "z": 0.183257,
    "visibility": 0.974937
  },
  "left_foot_index": {
    "x": 0.438406,
    "y": 0.651912,
    "z": 0.174921,
    "visibility": 0.677251
  },
  "right_foot_index": {
    "x": 0.523172,
    "y": 0.898783,
    "z": 0.181607,
    "visibility": 0.94423
  },
  "type": "video_frame",
  "frame_number": 8835,
  "time_seconds": 294.5,
  "time_format": "0:04:54.499739"
}